{
  "project_info": {
    "project_number": "839773988586",
    "firebase_url": "https://sample-1e289.firebaseio.com",
    "project_id": "sample-1e289",
    "storage_bucket": "sample-1e289.appspot.com"
  },
  "client": [
    {
      "client_info": {
        "mobilesdk_app_id": "1:839773988586:android:274d4e0a13ed6459",
        "android_client_info": {
          "package_name": "com.example.sample"
        }
      },
      "oauth_client": [
        {
          "client_id": "839773988586-3p0v2c0m4cvn9v4eg1t7ld8ukg1nt3hs.apps.googleusercontent.com",
          "client_type": 3
        }
      ],
      "api_key": [
        {
          "current_key": "AIzaSyDvjPFKdDolDx-TlZXn2SfdbgmsSlEnIu0"
        }
      ],
      "services": {
        "appinvite_service": {
          "other_platform_oauth_client": [
            {
              "client_id": "839773988586-3p0v2c0m4cvn9v4eg1t7ld8ukg1nt3hs.apps.googleusercontent.com",
              "client_type": 3
            }
          ]
        }
      }
    }
  ],
  "configuration_version": "1"
}